Quote,Created,﻿ ﻿ sales person,Client Name,Status,Total Amount,Options
QT505,05/05/2026,,MAKUENI DOCTORS PLAZA LTD,Draft,"13,500.00",Options quote Lines Edit View Quote Print
QT504,04/05/2026,,REHEMA HOSPICE AND CLINIC LTD,Draft,"2,700,000.00",Options quote Lines Edit View Quote Print
QT503,04/05/2026,,JORDAN HOSPITAL LTD,Draft,"175,000.00",Options quote Lines Edit View Quote Print
QT499,30/04/2026,,ORTUM MISSION HOSPITAL,Draft,"58,000.00",Options quote Lines Edit View Quote Print
QT498,30/04/2026,,MWANGULU DISPENSARY,Draft,"40,650.00",Options quote Lines Edit View Quote Print
QT497,30/04/2026,,ALMISBAH MEDICAL CENTRE,Draft,"203,695.00",Options quote Lines Edit View Quote Print
QT496,29/04/2026,,CONSOLATA HOSPITAL,Draft,"7,000.00",Options quote Lines Edit View Quote Print
QT495,29/04/2026,,FAMILY CARE,Draft,"15,650.00",Options quote Lines Edit View Quote Print
QT494,28/04/2026,Leah,MEDEVICE KENYA LTD,Draft,"6,500.00",Options quote Lines Edit View Quote Print
QT492,28/04/2026,Leah,SALAWA CATHOLIC MISSION DISPENSARY,Draft,"2,635,200.00",Options quote Lines Edit View Quote Print
QT491,28/04/2026,,MAMA HELEN HOSPITAL,Draft,"8,610,000.00",Options quote Lines Edit View Quote Print
QT490,27/04/2026,,DEANESH HOSPITAL LTD,Draft,"455,000.00",Options quote Lines Edit View Quote Print
QT489,27/04/2026,,DEANESH HOSPITAL LTD,Draft,"544,500.00",Options quote Lines Edit View Quote Print
QT488,27/04/2026,Geoffrey Nato,TABIB KAHOYA LIMITED,Draft,"1,034,500.00",Options quote Lines Edit View Quote Print
QT487,27/04/2026,Lucy-Thiongo,ST JOSEPH HEALTH CENTRE,Draft,"5,650,000.00",Options quote Lines Edit View Quote Print
QT486,27/04/2026,Vivian Kawira,KINONDOKWETU HOSPITAL,Draft,"380,000.00",Options quote Lines Edit View Quote Print
QT485,25/04/2026,Geoffrey Nato,MUTITO CATHOLIC HEALTH CENTREMUTITO CATHO,Draft,"20,000.00",Options quote Lines Edit View Quote Print
QT484,25/04/2026,Lucy-Thiongo,BROTHER ANDREA,Draft,"1,728,000.00",Options quote Lines Edit View Quote Print
QT483,24/04/2026,,SHIMO LA TEWA BORSTAL,Draft,"180,000.00",Options quote Lines Edit View Quote Print
QT482,24/04/2026,,DEANESH HOSPITAL LTD,Draft,0.00,Options quote Lines Edit View Quote Print
QT481,23/04/2026,,DEANESH HOSPITAL LTD,Draft,0.00,Options quote Lines Edit View Quote Print
QT480,23/04/2026,,PENDOPOINT MEDICARE CENTRE,Draft,0.00,Options quote Lines Edit View Quote Print
QT479,23/04/2026,,OSPRAY HOSPITAL,Draft,"827,400.00",Options quote Lines Edit View Quote Print
QT478,23/04/2026,Geoffrey Nato,RAPHA MAKUENI NURSING HOME,Draft,"750,000.00",Options quote Lines Edit View Quote Print
QT477,23/04/2026,,CAREMAX HEALTH LIMITED,Draft,"15,650.00",Options quote Lines Edit View Quote Print
QT476,23/04/2026,Vivian Kawira,NICEVIEW HOSPITAL,Draft,"350,000.00",Options quote Lines Edit View Quote Print
QT475,22/04/2026,Mercy Jemutai,NANYUKI COTTAGE HOSPITAL,Draft,"350,000.00",Options quote Lines Edit View Quote Print
QT473,21/04/2026,Leah,DLISS FAMILY HOSPITAL,Draft,0.00,Options quote Lines Edit View Quote Print
QT472,21/04/2026,,BARATON JEREMIC COMMUNITY MEDICAL CENTRE,Draft,"85,000.00",Options quote Lines Edit View Quote Print
QT471,21/04/2026,,MAKUENI DOCTORS PLAZA LTD,Draft,"70,950.00",Options quote Lines Edit View Quote Print
QT470,21/04/2026,Office,DEANESH HOSPITAL LTD,Draft,"330,000.00",Options quote Lines Edit View Quote Print
QT469,20/04/2026,,ST. ELIZABETH GEKANO MISSION HOSPITAL,Draft,"4,250.00",Options quote Lines Edit View Quote Print
QT468,20/04/2026,,BARATON JEREMIC COMMUNITY MEDICAL CENTRE,Draft,0.00,Options quote Lines Edit View Quote Print
QT467,20/04/2026,Purity Jepkemei,KIMININI COTTAGE MISSION HOSPITAL,Draft,"680,000.00",Options quote Lines Edit View Quote Print
QT466,20/04/2026,Geoffrey Nato,ORTUM MISSION HOSPITAL,Draft,"430,000.00",Options quote Lines Edit View Quote Print
QT465,20/04/2026,Geoffrey Nato,KATITO MEDICAL CENTRE-MBITA,Draft,"160,000.00",Options quote Lines Edit View Quote Print
QT464,20/04/2026,Lucy Omenya Akinyi,ELIJAH OWINO NGONGA,Draft,"350,000.00",Options quote Lines Edit View Quote Print
QT463,18/04/2026,Ashly,NORTH KINANGOP CATHOLIC HOSPITAL,Draft,"680,000.00",Options quote Lines Edit View Quote Print
QT462,17/04/2026,,TOP CARE NURSING HOME,Draft,"420,000.00",Options quote Lines Edit View Quote Print
QT458,16/04/2026,Geoffrey Nato,LEGACY FHOK LTD,Draft,"4,918,800.00",Options quote Lines Edit View Quote Print
QT457,16/04/2026,Lucy-Thiongo,EMORY HOSPITAL,Draft,"150,000.00",Options quote Lines Edit View Quote Print
QT456,16/04/2026,,PENDOPOINT MEDICARE CENTRE,Draft,"24,000.00",Options quote Lines Edit View Quote Print
QT455,16/04/2026,,LEGACY HOSPITAL,Draft,"3,656,500.00",Options quote Lines Edit View Quote Print
QT453,15/04/2026,Lucy Omenya Akinyi,MEDIFORTE HOSPITAL,Draft,0.00,Options quote Lines Edit View Quote Print
QT452,15/04/2026,,QONTRAC CONSULTANTS LTD,Draft,0.00,Options quote Lines Edit View Quote Print
QT451,14/04/2026,,AAR HOSPITAL,Draft,0.00,Options quote Lines Edit View Quote Print
QT450,14/04/2026,,FAMILY CARE,Draft,"24,450.00",Options quote Lines Edit View Quote Print
QT449,13/04/2026,,KAREN CARDIOCARE,Draft,"4,752,780.00",Options quote Lines Edit View Quote Print
QT447,13/04/2026,,IJARA SUB-COUNTY HOSPITAL,Draft,0.00,Options quote Lines Edit View Quote Print
QT445,10/04/2026,,ST. CLARE MEDICAL CENTRE NAMBALE (KISOKO),Draft,"51,800.00",Options quote Lines Edit View Quote Print
QT444,10/04/2026,,PCEA KIKUYU HOSPITAL,Draft,"1,199,700.00",Options quote Lines Edit View Quote Print
QT443,10/04/2026,,GALMAGALA HEALTH CENTER,Draft,0.00,Options quote Lines Edit View Quote Print
QT442,09/04/2026,,THE MARA SPECIALIST HOSPITAL LIMITED,Draft,"43,500.00",Options quote Lines Edit View Quote Print
QT441,09/04/2026,,CHRISTAMARIANNE MISSION HOSPITAL,Draft,"32,000.00",Options quote Lines Edit View Quote Print
QT440,09/04/2026,,CHAANI CATHOLIC DISPENSARY CBHC,Draft,"175,000.00",Options quote Lines Edit View Quote Print
QT439,09/04/2026,,MOTHER FRANCISCA MISSION MATERNITY HC,Draft,"6,295,500.00",Options quote Lines Edit View Quote Print
QT438,09/04/2026,,ST. ELIZABETH GEKANO MISSION HOSPITAL,Draft,"2,532,200.00",Options quote Lines Edit View Quote Print
QT437,09/04/2026,,MULUTU CATHOLIC DISPENSARY,Draft,"70,000.00",Options quote Lines Edit View Quote Print
QT436,08/04/2026,,DADAAB SUB- COUNTY HOSPITAL,Draft,"1,900.00",Options quote Lines Edit View Quote Print
QT435,07/04/2026,,RADIANT HOSPITAL,Draft,"220,000.00",Options quote Lines Edit View Quote Print
QT434,07/04/2026,,UPLANDS PLANET MEDICAL CENTRE,Draft,"220,000.00",Options quote Lines Edit View Quote Print
QT432,02/04/2026,,ACK DR.PIKE ROPA MEDICAL CENTER,Draft,"122,500.00",Options quote Lines Edit View Quote Print
QT431,02/04/2026,,SHIKHENDU MEDICAL CLINIC,Draft,"25,000.00",Options quote Lines Edit View Quote Print
QT430,02/04/2026,,KHAMULATI MEDICAL CLINIC,Draft,"240,000.00",Options quote Lines Edit View Quote Print
QT429,01/04/2026,,KHAMULATI MEDICAL CLINIC,Draft,0.00,Options quote Lines Edit View Quote Print
QT428,01/04/2026,Lucy Omenya Akinyi,HEALTOPS HEALTHCARE MEDICAL CLINIC,Draft,"9,500.00",Options quote Lines Edit View Quote Print
QT427,01/04/2026,Lucy-Thiongo,BENMAC HOSPITAL,Draft,"15,000.00",Options quote Lines Edit View Quote Print
QT426,01/04/2026,,BENMAC HOSPITAL,Draft,0.00,Options quote Lines Edit View Quote Print
QT425,01/04/2026,,CRESENT MEDICAL CENTER,Draft,"2,710,500.00",Options quote Lines Edit View Quote Print
QT424,31/03/2026,Geoffrey Nato,ST DAMIANO MISSION HOSPITAL,Draft,0.00,Options quote Lines Edit View Quote Print
QT422,31/03/2026,,REHEMA HOSPICE AND CLINIC LTD,Draft,"383,000.00",Options quote Lines Edit View Quote Print
QT421,31/03/2026,Purity Jepkemei,ST.FRANCIS MISSION SUWERWA,Draft,"152,500.00",Options quote Lines Edit View Quote Print
QT420,31/03/2026,,CAMEL MEDICAL CENTRE,Draft,"64,670.00",Options quote Lines Edit View Quote Print
QT419,31/03/2026,,ANDERSEN MEDICAL CENTRE,Draft,"20,000.00",Options quote Lines Edit View Quote Print
QT418,31/03/2026,,MUNGOMA HOSPITAL,Draft,"30,500.00",Options quote Lines Edit View Quote Print
QT417,31/03/2026,,NORTH KINANGOP CATHOLIC HOSPITAL,Draft,"697,000.00",Options quote Lines Edit View Quote Print
QT416,30/03/2026,Cornelius Onuncho,WESTGATE MEDICAL LABORATORY,Draft,"121,860.00",Options quote Lines Edit View Quote Print
QT414,30/03/2026,,JANE,Draft,0.00,Options quote Lines Edit View Quote Print
QT413,30/03/2026,,MOTHER ANGELA HURUMA HOSPITAL,Draft,"1,315,000.00",Options quote Lines Edit View Quote Print
QT412,30/03/2026,,ST ANN IGOJI HOSPITAL,Draft,"1,112,500.00",Options quote Lines Edit View Quote Print
QT411,30/03/2026,,AGC LIONS NGOSWANI HOSPITAL,Draft,"1,827,000.00",Options quote Lines Edit View Quote Print
QT410,30/03/2026,,KIVULI DISPENSARY,Draft,"40,000.00",Options quote Lines Edit View Quote Print
QT409,30/03/2026,,BRIAN JAKE MEMORIAL HOSPITAL,Draft,"58,450.00",Options quote Lines Edit View Quote Print
QT408,27/03/2026,,TOP CARE NURSING HOME,Draft,36.00,Options quote Lines Edit View Quote Print
QT407,27/03/2026,,SHIMO ANNEX DISPENSARY,Draft,"56,150.00",Options quote Lines Edit View Quote Print
QT405,27/03/2026,,PCEA CHOGORIA HOSPITAL,Draft,"320,000.00",Options quote Lines Edit View Quote Print
QT404,27/03/2026,,,Draft,"320,000.00",Options quote Lines Edit View Quote Print
QT402,26/03/2026,,JOSEPH SMITH HOSPITAL,Draft,"442,400.00",Options quote Lines Edit View Quote Print
QT401,26/03/2026,,JOSEPH SMITH HOSPITAL,Draft,"61,000.00",Options quote Lines Edit View Quote Print
QT399,26/03/2026,,MAKUENI DOCTORS PLAZA LTD,Draft,0.00,Options quote Lines Edit View Quote Print
QT398,26/03/2026,,KAMUKUYWA HIGHWAY MEDICAL,Draft,"375,000.00",Options quote Lines Edit View Quote Print
QT397,26/03/2026,,HOLY SPIRIT HEALTH CENTER,Draft,"230,000.00",Options quote Lines Edit View Quote Print
QT396,26/03/2026,,MAKUENI DOCTORS PLAZA LTD,Draft,0.00,Options quote Lines Edit View Quote Print
QT395,26/03/2026,,ST ELIZABETH MISSION HOSPITAL,Draft,"150,000.00",Options quote Lines Edit View Quote Print
QT393,25/03/2026,,MULUTU CATHOLIC DISPENSARY,Draft,"53,500.00",Options quote Lines Edit View Quote Print
QT391,25/03/2026,,MAWENI CDF DISPENSARY,Draft,"210,000.00",Options quote Lines Edit View Quote Print
QT390,24/03/2026,,ALMISBAH MEDICAL CENTRE,Draft,"77,540.00",Options quote Lines Edit View Quote Print
QT389,24/03/2026,,ST FRANCIS MISSION,Draft,"2,802,000.00",Options quote Lines Edit View Quote Print
QT388,24/03/2026,Vivian Kawira,MIRITINI MCM DISPENSARY,Draft,"95,400.00",Options quote Lines Edit View Quote Print
QT387,24/03/2026,,DICKSON,Draft,"144,900.00",Options quote Lines Edit View Quote Print
QT386,24/03/2026,,ANDERSEN MEDICAL CENTRE,Draft,"16,250.00",Options quote Lines Edit View Quote Print
QT385,24/03/2026,,ULTRACARE SPECIALIST HOSPITAL,Draft,"5,650,000.00",Options quote Lines Edit View Quote Print
QT384,24/03/2026,,ST FRANCIS MISSION,Draft,0.00,Options quote Lines Edit View Quote Print
QT383,24/03/2026,,ST MARY'S MISIKHU MISSION HOSPITAL,Draft,"3,033,200.00",Options quote Lines Edit View Quote Print
QT382,23/03/2026,,BAYAAN NURSING HOME,Draft,"15,000.00",Options quote Lines Edit View Quote Print
QT381,23/03/2026,,ST MARY'S MISIKHU MISSION HOSPITA;,Draft,"3,569,500.00",Options quote Lines Edit View Quote Print
QT379,23/03/2026,,NORTLIGHT HOSPITAL,Draft,0.00,Options quote Lines Edit View Quote Print
QT378,23/03/2026,,GALMAGALA HEALTH CENTER,Draft,0.00,Options quote Lines Edit View Quote Print
QT376,23/03/2026,,TOP CARE NURSING HOME,Draft,"568,600.00",Options quote Lines Edit View Quote Print
QT375,21/03/2026,,AGC LIONS HOSPITAL,Draft,"202,700.00",Options quote Lines Edit View Quote Print
QT374,21/03/2026,Beatrice Maingi,ALPHA HILL MEDICAL CENTRE,Draft,"850,000.00",Options quote Lines Edit View Quote Print
QT371,19/03/2026,,"SHIMO LA TEWA,PRISON DISPENSARY",Draft,0.00,Options quote Lines Edit View Quote Print
QT370,19/03/2026,,ST ANN IGOJI HOSPITAL,Draft,"530,000.00",Options quote Lines Edit View Quote Print
QT367,19/03/2026,,PSG HEALTHCARE LIMITED,Draft,"594,900.00",Options quote Lines Edit View Quote Print
QT366,19/03/2026,,GM VEZA HOSPITAL LIMITED,Draft,"2,460,000.00",Options quote Lines Edit View Quote Print
QT364,18/03/2026,,MATUU MISSION HEALTHCARE CENTRE,Draft,"29,000.00",Options quote Lines Edit View Quote Print
QT362,18/03/2026,,IJARA SUB-COUNTY HOSPITAL,Draft,"243,950.00",Options quote Lines Edit View Quote Print
QT361,18/03/2026,Lucy-Thiongo,WELLANDMEDICALCENTRE,Draft,"3,568,500.00",Options quote Lines Edit View Quote Print
QT360,18/03/2026,,ORTUM MISSION HOSPITAL,Draft,"90,000.00",Options quote Lines Edit View Quote Print
QT358,17/03/2026,Lucy-Thiongo,HURUMA NURSING HOME,Draft,"5,770,000.00",Options quote Lines Edit View Quote Print
QT357,17/03/2026,,MOTHER AMADEA MISSION HOSPITAL,Draft,"64,575.00",Options quote Lines Edit View Quote Print
QT356,17/03/2026,Lucy-Thiongo,ULTRACARE SPECIALIST HOSPITAL,Draft,"3,166,300.00",Options quote Lines Edit View Quote Print
QT355,17/03/2026,,EPHRON WELLNESS MEDICAL CENTER,Draft,"1,098,000.00",Options quote Lines Edit View Quote Print
QT354,17/01/2026,Mercy Jemutai,KOBUJOI MISSION HOSPITAL,Draft,"2,086,000.00",Options quote Lines Edit View Quote Print
QT353,17/03/2026,,,Draft,0.00,Options quote Lines Edit View Quote Print
QT352,16/03/2026,,"SHIMO LA TEWA,PRISON DISPENSARY",Draft,"150,300.00",Options quote Lines Edit View Quote Print
QT350,16/03/2026,,KENDU ADVENTIST MISSION HOSPITAL,Draft,"84,000.00",Options quote Lines Edit View Quote Print
QT349,16/03/2026,,ORTUM MISSION HOSPITAL,Draft,"90,000.00",Options quote Lines Edit View Quote Print
QT348,16/03/2026,Beatrice Maingi,TARIGO MEDICAL CLINIC,Draft,"500,000.00",Options quote Lines Edit View Quote Print
QT347,13/03/2026,Vivian Kawira,"SHIMO LA TEWA,PRISON DISPENSARY",Draft,"80,000.00",Options quote Lines Edit View Quote Print
QT346,13/03/2026,,WESTSIDE HEALTHCARE LIMITED,Draft,"30,000.00",Options quote Lines Edit View Quote Print
QT345,13/03/2026,,CHRISTAMARIANNE MISSION HOSPITAL,Draft,"6,470,180.00",Options quote Lines Edit View Quote Print
QT343,13/03/2026,,ELIUD KISIANG'ANI,Draft,"130,600.00",Options quote Lines Edit View Quote Print
QT341,13/03/2026,,MARY IMMACULATE KAGIO CATHOLIC DISPENSARY,Draft,"500,000.00",Options quote Lines Edit View Quote Print
QT340,13/03/2026,,CHRISTAMARIANNE MISSION HOSPITAL,Draft,0.00,Options quote Lines Edit View Quote Print
QT339,13/03/2026,Lucy Omenya Akinyi,ST LAZARUS BUYANGU MISSION HEALTH CENTRE,Draft,"180,000.00",Options quote Lines Edit View Quote Print
QT338,12/03/2026,,ST LAZARUS BUYANGU MISSION HEALTH CENTRE,Draft,"650,000.00",Options quote Lines Edit View Quote Print
QT337,12/03/2026,,MOTHER FRANCISCA MISSION MATERNITY HC,Draft,"450,000.00",Options quote Lines Edit View Quote Print
QT336,12/03/2026,,CHRISTAMARIANNE MISSION HOSPITAL,Draft,"4,940,000.00",Options quote Lines Edit View Quote Print
QT334,11/03/2026,,FRONTIER COUNTIES DEVELOPMENT COUNCIL,Draft,"5,700,000.00",Options quote Lines Edit View Quote Print
QT332,11/03/2026,,ST JOHNS HEALTH CENTRE SIRENDE,Draft,"2,473,000.00",Options quote Lines Edit View Quote Print
QT330,11/03/2026,,MAISHA MEDICAL CENTRE,Draft,"11,031,100.00",Options quote Lines Edit View Quote Print
QT329,10/03/2026,,AGC LIONS HOSPITAL,Draft,"333,500.00",Options quote Lines Edit View Quote Print
QT328,10/03/2026,,SIDAI LONESTAR MEDICAL CENTER,Draft,"62,720.00",Options quote Lines Edit View Quote Print
QT325,09/03/2026,,KIBIRICHIA CATHOLIC DISPENSARY,Draft,"430,000.00",Options quote Lines Edit View Quote Print
QT319,06/03/2026,,AFYA INTERNATIONAL HOSPITAL,Draft,"380,000.00",Options quote Lines Edit View Quote Print
QT316,03/02/2026,Beatrice Maingi,SAPTA TRUST,Draft,"122,200.00",Options quote Lines Edit View Quote Print
QT315,04/03/2026,,SAVANIS MEDICAL CLINIC,Draft,"650,000.00",Options quote Lines Edit View Quote Print
QT313,03/03/2026,,WOOD STREET CLINIC AND NURSING HOME,Draft,"195,000.00",Options quote Lines Edit View Quote Print
QT312,03/03/2026,,CHEPCHOINA MEDICAL CENTER,Draft,"770,000.00",Options quote Lines Edit View Quote Print
QT311,03/03/2026,,MULUTU CATHOLIC DISPENSARY,Draft,"250,000.00",Options quote Lines Edit View Quote Print
QT310,03/03/2026,,MULUTU CATHOLIC DISPENSARY,Draft,"220,000.00",Options quote Lines Edit View Quote Print
QT309,02/03/2026,Lucy-Thiongo,MATUU MISSION HEALTHCARE CENTRE,Draft,"2,325,000.00",Options quote Lines Edit View Quote Print
QT308,27/02/2026,Office,MAKUENI DOCTORS PLAZA LTD,Draft,"25,700.00",Options quote Lines Edit View Quote Print
QT307,27/02/2026,,NORTLIGHT HOSPITAL,Draft,"1,752,500.00",Options quote Lines Edit View Quote Print
QT306,27/02/2026,Purity Jepkemei,KACHELIBA MISSION HEALTH CENTRE,Draft,"3,000,000.00",Options quote Lines Edit View Quote Print
QT305,27/02/2026,,KACHELIBA MISSION HEALTH CENTRE,Draft,0.00,Options quote Lines Edit View Quote Print
QT302,26/02/2026,,OSILIGI MEDICAL CENTRE,Draft,"586,000.00",Options quote Lines Edit View Quote Print
QT301,26/02/2026,,NAIROBI WOMENS,Draft,"17,198,000.00",Options quote Lines Edit View Quote Print
QT300,25/02/2026,,SHIFAH HOSPITAL AND DIALYSIS CENTRE LTD,Draft,"20,905.00",Options quote Lines Edit View Quote Print
QT297,24/02/2026,,BIKEKE HEALTH CARE,Draft,"798,500.00",Options quote Lines Edit View Quote Print
QT296,24/02/2026,,THE MARA SPECIALIST HOSPITAL LIMITED,Draft,"131,650.00",Options quote Lines Edit View Quote Print
QT294,24/02/2026,,ST.ANTONY KIBABII,Draft,"7,600,000.00",Options quote Lines Edit View Quote Print
QT293,24/02/2026,,ANDERSEN MEDICAL CENTRE,Draft,750.00,Options quote Lines Edit View Quote Print
QT292,24/02/2026,,ST.ANTONY KIBABII,Draft,"3,664,400.00",Options quote Lines Edit View Quote Print
QT291,23/02/2026,,NG'IYA HEALTH CENTRE,Draft,"30,400.00",Options quote Lines Edit View Quote Print
QT290,21/02/2026,,AROHA CANCER CENTER,Draft,"79,925.00",Options quote Lines Edit View Quote Print
QT287,19/02/2026,,NAZARETH HOSPITAL NGARARIGA BRANCH,Draft,"8,000.00",Options quote Lines Edit View Quote Print
QT286,19/02/2026,,MULOT CATHOLIC DISPENSARY,Draft,"600,000.00",Options quote Lines Edit View Quote Print
QT284,18/02/2026,,Nyarioba Medical center,Draft,"781,800.00",Options quote Lines Edit View Quote Print
QT283,17/02/2026,,CONSOLATA HOSPITAL GITORO,Draft,"155,000.00",Options quote Lines Edit View Quote Print
QT281,16/02/2026,,CRESTVIEW MOTHER AND CHILD HOSPITAL,Draft,"14,650.00",Options quote Lines Edit View Quote Print
QT277,13/02/2026,,KEGOGI HOSPITAL,Draft,"12,550.00",Options quote Lines Edit View Quote Print
QT276,13/02/2026,,MERIDIAN HOSPITAL MALINDI,Draft,"120,000.00",Options quote Lines Edit View Quote Print
QT275,11/02/2026,Sharon-Kisumu,BONDO MEDICAL CENTRE LIMITED,Draft,"28,000.00",Options quote Lines Edit View Quote Print
QT274,11/02/2026,,KERIO HOSPITAL,Draft,"113,500.00",Options quote Lines Edit View Quote Print
QT273,11/02/2026,,AGC LIONS HOSPITAL,Draft,"370,000.00",Options quote Lines Edit View Quote Print
QT272,11/02/2026,,ARATUS HEALTH CLINIC,Draft,"879,110.00",Options quote Lines Edit View Quote Print
QT270,09/02/2026,,JARALAM HOSPITAL,Draft,"1,200,000.00",Options quote Lines Edit View Quote Print
QT269,09/02/2026,,CONSOLATA HOSPITAL,Draft,"70,000.00",Options quote Lines Edit View Quote Print
QT267,07/02/2026,,SINDIANI AGENCIES LTD,Draft,"7,050,000.00",Options quote Lines Edit View Quote Print
QT266,07/02/2026,,THE GATEWAY DIAGNOSIS AND HEALTHCARE LTD,Draft,"860,000.00",Options quote Lines Edit View Quote Print
QT265,06/02/2026,,TRINITY MISSION HOSPITAL LESERU,Draft,"2,707,000.00",Options quote Lines Edit View Quote Print
QT261,05/02/2026,,IMMACULATE HEART HOSPITAL KEREITA,Draft,"6,006,000.00",Options quote Lines Edit View Quote Print
QT260,05/02/2026,,BROTHER ANDREA,Draft,"30,150.00",Options quote Lines Edit View Quote Print
QT258,04/02/2026,,ASAD MEDICAL CENTRE LTD(CLINIC),Draft,"30,300.00",Options quote Lines Edit View Quote Print
QT257,04/02/2026,,ZURI HEALTH KENYA,Draft,"35,500.00",Options quote Lines Edit View Quote Print
QT255,04/02/2026,,AIC BIRIBIRET MISSION HOSPITAL,Draft,"460,000.00",Options quote Lines Edit View Quote Print
QT254,04/02/2026,,FOUNTAIN HEALTHCARE,Draft,"400,000.00",Options quote Lines Edit View Quote Print
QT253,03/02/2026,,COMFY HEALTHCARE LIMITED,Draft,0.00,Options quote Lines Edit View Quote Print
QT252,03/02/2026,,ST. CLARE MEDICAL CENTRE NAMBALE (KISOKO),Draft,"525,500.00",Options quote Lines Edit View Quote Print
QT251,03/02/2026,,LITTLE SISTERS OF ST. FRANCIS,Draft,"527,500.00",Options quote Lines Edit View Quote Print
QT249,02/02/2026,,AMBACARE MEDICAL CENTER,Draft,"737,900.00",Options quote Lines Edit View Quote Print
QT248,31/01/2026,,NORTLIGHT HOSPITAL,Draft,"3,200.00",Options quote Lines Edit View Quote Print
QT247,31/01/2026,,STEADFAST GROUP LLC,Draft,"8,138.00",Options quote Lines Edit View Quote Print
QT246,30/01/2026,,,Draft,"27,500.00",Options quote Lines Edit View Quote Print
QT245,29/01/2026,,MATUU MISSION HEALTHCARE CENTRE,Draft,"9,500.00",Options quote Lines Edit View Quote Print
QT244,28/01/2026,,HAMAT HEALTHCARE,Draft,"1,200,000.00",Options quote Lines Edit View Quote Print
QT243,28/01/2026,,HEALTH REACH DIAGNOSTICS,Draft,"76,700.00",Options quote Lines Edit View Quote Print
QT237,24/01/2026,,EZEETEC LIMITED,Draft,"999,000.00",Options quote Lines Edit View Quote Print
QT236,23/01/2026,,GALAXY HOSPITAL,Draft,"114,500.00",Options quote Lines Edit View Quote Print
QT235,23/01/2026,,ORTUM MISSION HOSPITAL,Draft,"5,900,000.00",Options quote Lines Edit View Quote Print
QT234,23/01/2026,,HEALTH REACH DIAGNOSTICS,Draft,"5,000.00",Options quote Lines Edit View Quote Print
QT233,22/01/2026,,ASAD MEDICAL CENTRE LTD(CLINIC),Draft,"350,000.00",Options quote Lines Edit View Quote Print
QT232,22/01/2026,,PALM REPRO HEALTH ASSOCIATES,Draft,"15,000.00",Options quote Lines Edit View Quote Print
QT231,22/01/2026,,KIMININI COTTAGE MISSION HOSPITAL,Draft,"66,100.00",Options quote Lines Edit View Quote Print
QT229,22/01/2026,,KHAIRAT MEDICAL CENTRE LIMITED,Draft,"33,500.00",Options quote Lines Edit View Quote Print
QT227,21/01/2026,,SHIFAH HOSPITAL AND DIALYSIS CENTRE LTD,Draft,"22,900.00",Options quote Lines Edit View Quote Print
QT224,21/01/2026,,ST. ELIZABETH GEKANO MISSION HOSPITAL,Draft,"3,156,175.00",Options quote Lines Edit View Quote Print
QT223,20/01/2026,,GETHSEMANE MISSION HOSPITAL,Draft,"180,000.00",Options quote Lines Edit View Quote Print
QT222,20/01/2026,,METEITEI SUB-COUNTY HOSPITAL,Draft,"517,000.00",Options quote Lines Edit View Quote Print
QT220,19/01/2026,,LODWAR HILLS HOSPITAL,Draft,"61,600.00",Options quote Lines Edit View Quote Print
QT219,22/01/2026,,"SHIMO LA TEWA,PRISON DISPENSARY",Draft,"35,140.00",Options quote Lines Edit View Quote Print
QT218,19/01/2026,,,Draft,"26,000.00",Options quote Lines Edit View Quote Print
QT217,19/01/2026,,,Draft,0.00,Options quote Lines Edit View Quote Print
QT216,19/01/2026,,MOTHER AMADEA MISSION HOSPITAL,Draft,"180,000.00",Options quote Lines Edit View Quote Print
QT215,17/01/2026,,SENSEI INSTITUTE OF TECHNOLOGY,Draft,"30,000.00",Options quote Lines Edit View Quote Print
QT214,16/01/2026,,SIDAI LONESTAR MEDICAL CENTER,Draft,"8,500.00",Options quote Lines Edit View Quote Print
QT213,16/01/2026,,SIDAI LONESTAR MEDICAL CENTER,Draft,"13,920.00",Options quote Lines Edit View Quote Print
QT212,16/01/2026,,ST. GABRIEL HOSPITAL,Draft,"430,000.00",Options quote Lines Edit View Quote Print
QT211,15/01/2026,,GICHAGI DISPENSARY,Draft,"105,800.00",Options quote Lines Edit View Quote Print
QT205,14/01/2026,,MASENO MISSION HOSPITAL,Draft,"49,490.00",Options quote Lines Edit View Quote Print
QT204,13/01/2026,,GOLD LIGHT MEDICAL CENTRE,Draft,"450,000.00",Options quote Lines Edit View Quote Print
QT203,13/01/2026,,LOS OLIVOS MEDICARE,Draft,"293,700.00",Options quote Lines Edit View Quote Print
QT202,12/01/2026,,THE MARA SPECIALIST HOSPITAL LIMITED,Draft,"46,600.00",Options quote Lines Edit View Quote Print
QT199,12/01/2026,,MT.SINAI,Draft,"976,500.00",Options quote Lines Edit View Quote Print
QT197,12/01/2026,,ASTER HEALTH LIMITED,Draft,"2,300.00",Options quote Lines Edit View Quote Print
QT192,07/01/2026,,ST. ELIZABETH GEKANO MISSION HOSPITAL,Draft,"3,156,175.00",Options quote Lines Edit View Quote Print
QT183,19/12/2025,,ONEWAYWISE HEALTH SERVICES,Draft,"1,805,000.00",Options quote Lines Edit View Quote Print
QT182,19/12/2025,,BAHATI MDR DISPENSARY,Draft,"9,900.00",Options quote Lines Edit View Quote Print
QT181,19/12/2025,,BRIAN JAKE MEMORIAL HOSPITAL,Draft,"46,600.00",Options quote Lines Edit View Quote Print
QT179,16/12/2025,,MALKIA WINGS MEDICAL CENTER,Draft,"8,800.00",Options quote Lines Edit View Quote Print
QT178,16/12/2025,,MACMILLAN UNIVERSITY LTD,Draft,"156,000.00",Options quote Lines Edit View Quote Print
QT177,16/12/2025,,LANGATA HOSPITAL LTD,Draft,"26,800.00",Options quote Lines Edit View Quote Print
QT176,16/12/2025,,ST DAMIANO MISSION HOSPITAL,Draft,"1,485,000.00",Options quote Lines Edit View Quote Print
QT174,13/12/2025,,ASAD MEDICAL CENTRE LTD (HOSPITAL),Draft,"10,000.00",Options quote Lines Edit View Quote Print
QT173,10/12/2025,,MVITA DISPENSARY,Draft,"20,000.00",Options quote Lines Edit View Quote Print
QT172,10/12/2025,,ST.URSLA'S DISPENSARY,Draft,"550,000.00",Options quote Lines Edit View Quote Print
QT171,10/12/2025,,ST. JUDE THADDEUS MEDICAL CENTRE,Draft,0.00,Options quote Lines Edit View Quote Print
QT170,10/12/2025,,AMUKURA MISSION HOSPITAL,Draft,"450,000.00",Options quote Lines Edit View Quote Print
QT169,08/12/2025,,MBUNGONI HEALTH CENTRE,Draft,"38,200.00",Options quote Lines Edit View Quote Print
QT168,06/12/2025,,IMMACULATE HEART OF MARY HOSPITAL,Draft,0.00,Options quote Lines Edit View Quote Print
QT165,05/12/2025,,KIPLOMBE MEDICAL CENTRE LIMITED,Draft,0.00,Options quote Lines Edit View Quote Print
QT164,04/12/2025,,LOS OLIVOS MEDICARE,Draft,"2,454,000.00",Options quote Lines Edit View Quote Print
QT163,04/12/2025,,LOS OLIVOS MEDICARE,Draft,0.00,Options quote Lines Edit View Quote Print
QT162,04/12/2025,,MED25 CLINIC,Draft,"2,271,000.00",Options quote Lines Edit View Quote Print
QT161,04/12/2025,,MAMA NGINA UNIVERSITY COLLEGE,Draft,"79,300.00",Options quote Lines Edit View Quote Print
QT160,04/12/2025,,ST CAMILLUS MISSION,Draft,"970,000.00",Options quote Lines Edit View Quote Print
QT159,03/12/2025,,FRANKMART MEDICAL CENTRE,Draft,"310,000.00",Options quote Lines Edit View Quote Print
QT158,03/12/2025,,CAREMAX HEALTH LIMITED,Draft,"9,650.00",Options quote Lines Edit View Quote Print
QT156,02/12/2025,,BI. MARIA HELENA DISPENSARY,Draft,"680,000.00",Options quote Lines Edit View Quote Print
QT154,02/12/2025,,KATITO MEDICAL CENTRE-KISUMU,Draft,"2,831,400.00",Options quote Lines Edit View Quote Print
QT150,28/11/2025,,BASHAN MEDICAL CENTER,Draft,"260,000.00",Options quote Lines Edit View Quote Print
QT149,28/11/2025,,MEDSTOPS HOSPITAL,Draft,"1,300,000.00",Options quote Lines Edit View Quote Print
QT146,27/11/2025,,MERIDIAN HOSPITAL MALINDI,Draft,"14,500.00",Options quote Lines Edit View Quote Print
QT143,26/11/2025,,ST.JOSEPH MISSION HOSPITAL OMBO,Draft,"202,000.00",Options quote Lines Edit View Quote Print
QT142,25/11/2025,,BAYAAN NURSING HOME,Draft,"24,050.00",Options quote Lines Edit View Quote Print
QT141,25/11/2025,,METEITEI SUB-COUNTY HOSPITAL,Draft,"400,000.00",Options quote Lines Edit View Quote Print
QT140,25/11/2025,,MED25 CLINIC,Draft,"3,250,500.00",Options quote Lines Edit View Quote Print
QT139,25/11/2025,,RAVINE GLORY HOSPITAL,Draft,"232,000.00",Options quote Lines Edit View Quote Print
QT134,24/11/2025,,MFANGANO CENTRAL ADVENTIST MISSION HOSPITAL,Draft,"450,000.00",Options quote Lines Edit View Quote Print
QT133,24/11/2025,,MFANGANO CENTRAL ADVENTIST MISSION HOSPITAL,Draft,"1,200,000.00",Options quote Lines Edit View Quote Print
QT132,21/11/2025,,SILENT HILL HOSPITAL LTD,Draft,"490,000.00",Options quote Lines Edit View Quote Print
QT131,21/11/2025,,KOLUNGA COMMUNITY DISPENSARY,Draft,"79,550.00",Options quote Lines Edit View Quote Print
QT127,20/11/2025,,ST CAMILLUS MISSION,Draft,"450,000.00",Options quote Lines Edit View Quote Print
QT125,19/11/2025,,GISHAGI DISPENSARY,Draft,"43,550.00",Options quote Lines Edit View Quote Print
QT123,19/11/2025,,POM MEDICAL CENTRE,Draft,"498,500.00",Options quote Lines Edit View Quote Print
QT122,19/11/2025,,QUOTE SAMPLE,Draft,0.00,Options quote Lines Edit View Quote Print
QT121,19/11/2025,,MUI CHEMIST,Draft,"5,000.00",Options quote Lines Edit View Quote Print
QT120,18/11/2025,,MERIDIAN EQUATOR HOSPITAL,Draft,"185,000.00",Options quote Lines Edit View Quote Print
QT119,18/11/2025,,MAKUENI DOCTORS PLAZA LTD,Draft,"5,500.00",Options quote Lines Edit View Quote Print
QT117,18/11/2025,,MAKUENI DOCTORS PLAZA LTD,Draft,"350,000.00",Options quote Lines Edit View Quote Print
QT116,14/11/2025,,KE0655 FGCK KALOBEYEI CYDC,Draft,"27,000.00",Options quote Lines Edit View Quote Print
QT115,14/11/2025,,AL GADHIR MEDICAL CENTRE,Draft,"39,000.00",Options quote Lines Edit View Quote Print
QT114,14/11/2025,,DENISH MEDICAL CENTRE,Draft,"420,000.00",Options quote Lines Edit View Quote Print
QT113,14/11/2025,,THE CARING IMANGA MEDICAL CENTER,Draft,"194,300.00",Options quote Lines Edit View Quote Print
QT111,14/11/2025,,MVITA DISPENSARY,Draft,"90,000.00",Options quote Lines Edit View Quote Print
QT110,14/11/2025,,MVITA DISPENSARY,Draft,"190,000.00",Options quote Lines Edit View Quote Print
QT109,14/11/2025,,OASIS MULTI SPECIALIST HOSPITAL,Draft,"42,100.00",Options quote Lines Edit View Quote Print
QT107,13/11/2025,,MEDAN MEDICAL CENTRE,Draft,"430,000.00",Options quote Lines Edit View Quote Print
QT105,11/11/2025,,FR.ADRIANO B HEALTH CENTRE,Draft,"16,200.00",Options quote Lines Edit View Quote Print
QT104,11/11/2025,,RADIANT HOSPITAL,Draft,"459,000.00",Options quote Lines Edit View Quote Print
QT102,10/11/2025,,GAICHANJIRU CATHOLIC HOSPITAL,Draft,"550,000.00",Options quote Lines Edit View Quote Print
QT101,10/11/2025,,PENTAGON MEDICAL CENTRE,Draft,"2,092,000.00",Options quote Lines Edit View Quote Print
QT100,10/11/2025,,AGC LIONS NGOSWANI HOSPITAL,Draft,"4,845,100.00",Options quote Lines Edit View Quote Print
QT099,10/11/2025,,PENTAGON MEDICAL CENTRE,Draft,0.00,Options quote Lines Edit View Quote Print
QT098,06/10/2025,,EBENEZER MEDICAL CENTRE,Draft,0.00,Options quote Lines Edit View Quote Print
QT097,10/11/2025,,MWATATE HOSPITAL,Draft,"5,006,500.00",Options quote Lines Edit View Quote Print
QT096,07/11/2025,,FOUNTAIN HEALTHCARE,Draft,"133,000.00",Options quote Lines Edit View Quote Print
QT095,07/11/2025,,ST PAULS MISSION HOSPITAL,Draft,"273,200.00",Options quote Lines Edit View Quote Print
QT094,07/11/2025,,MOUNT OLIVES MEDICAL CENTRE,Draft,"6,199,000.00",Options quote Lines Edit View Quote Print
QT093,06/11/2025,,ST JOSEPHS HOSPITAL,Draft,"14,500.00",Options quote Lines Edit View Quote Print
QT092,06/11/2025,,KHAIRAT MEDICAL CENTRE LIMITED,Draft,"90,000.00",Options quote Lines Edit View Quote Print
QT091,06/11/2025,,NICEVIEW HOSPITAL,Draft,"230,000.00",Options quote Lines Edit View Quote Print
QT090,06/11/2025,,CORNERSTONE BAPTIST DISOENSARY,Draft,"52,000.00",Options quote Lines Edit View Quote Print
QT089,06/11/2025,,MAKUENI DOCTORS PLAZA LTD,Draft,"30,100.00",Options quote Lines Edit View Quote Print
QT087,05/11/2025,,HILLACARE MEDICAL CENTRE,Draft,"690,000.00",Options quote Lines Edit View Quote Print
QT086,05/11/2025,,EZEETEC LIMITED,Draft,"999,640.00",Options quote Lines Edit View Quote Print
QT085,05/11/2025,,CATHOLIC DIOCESES OF LODWAR,Draft,"3,229,500.00",Options quote Lines Edit View Quote Print
QT084,04/11/2025,,CATHOLIC DISPENSARY MAKINDU,Draft,"12,700.00",Options quote Lines Edit View Quote Print
QT083,04/11/2025,,CATHOLIC DISPENSARY MAKINDU,Draft,0.00,Options quote Lines Edit View Quote Print
QT081,04/11/2025,,EDELVALE TRUST JAMAA HOME AND MISSION HOSPITAL,Draft,"1,282,500.00",Options quote Lines Edit View Quote Print
QT080,04/11/2025,,NORTHCOAST MEDICAL TRAINING COLLEGE,Draft,"8,520.00",Options quote Lines Edit View Quote Print
QT078,04/11/2025,,BARATON JEREMIC COMMUNITY MEDICAL CENTRE,Draft,"19,400.00",Options quote Lines Edit View Quote Print
QT076,03/11/2025,,KANGEMI HEALTH CENTER,Draft,"170,000.00",Options quote Lines Edit View Quote Print
QT074,30/10/2025,,HEALTH REACH DIAGNOSTICS,Draft,"9,450.00",Options quote Lines Edit View Quote Print
QT072,29/10/2025,,KAEWA ALPHA MEDICAL CENTRE,Draft,"1,741,600.00",Options quote Lines Edit View Quote Print
QT071,28/10/2025,,KARGO DISPENSARY,Draft,"940,000.00",Options quote Lines Edit View Quote Print
QT070,28/10/2025,,HIGHTOWER DENTAL CLINIC,Draft,"720,000.00",Options quote Lines Edit View Quote Print
QT069,28/10/2025,,DAWAKING LABORATORY,Draft,"460,000.00",Options quote Lines Edit View Quote Print
QT068,28/10/2025,,KIIRUA HEALTH AND WELLNESS,Draft,"250,000.00",Options quote Lines Edit View Quote Print
QT067,28/10/2025,,ANDERSEN MEDICAL CENTRE,Draft,"13,050.00",Options quote Lines Edit View Quote Print
QT063,28/10/2025,,NORTLIGHT HOSPITAL,Draft,"68,000.00",Options quote Lines Edit View Quote Print
QT062,27/10/2025,,MOTHER AMADEA MISSION HOSPITAL,Draft,"180,000.00",Options quote Lines Edit View Quote Print
QT059,27/10/2025,,SHAY MEDICAL SERVICES,Draft,"1,100,000.00",Options quote Lines Edit View Quote Print
QT058,25/10/2025,,MEWA HOSPITAL,Draft,"3,903,500.00",Options quote Lines Edit View Quote Print
QT057,24/10/2025,,GRACEPARK HOSPITAL,Draft,"65,000.00",Options quote Lines Edit View Quote Print
QT056,24/10/2025,,FREE THE CHILDREN- BARAKA,Draft,"1,750,000.00",Options quote Lines Edit View Quote Print
QT054,23/10/2025,,SHEBA MEDICAL CENTRE,Draft,"1,203,200.00",Options quote Lines Edit View Quote Print
QT052,23/10/2025,,MBUNGONI HEALTH CENTRE,Draft,"1,700,000.00",Options quote Lines Edit View Quote Print
QT047,22/10/2025,,SHAMATA MEDICAL CENTRE,Draft,"650,000.00",Options quote Lines Edit View Quote Print
QT045,22/10/2025,,PRO CARE COTTAGE HOSPITAL LIMITED,Draft,"25,000.00",Options quote Lines Edit View Quote Print
QT044,22/10/2025,,AGC LIONS NGOSWANI HOSPITAL,Draft,"5,000.00",Options quote Lines Edit View Quote Print
QT043,22/10/2025,,MUI CHEMIST,Draft,"361,850.00",Options quote Lines Edit View Quote Print
QT041,21/10/2025,,ANDERSEN MEDICAL CENTRE,Draft,"7,500.00",Options quote Lines Edit View Quote Print
QT040,21/10/2025,,RANEN ADVENTIST HOSPITAL,Draft,"107,250.00",Options quote Lines Edit View Quote Print
QT038,18/10/2025,,WEGA MEDICAL CENTRE,Draft,"637,500.00",Options quote Lines Edit View Quote Print
QT035,16/10/2025,,ULTRACARE SPECIALIST HOSPITAL,Draft,0.00,Options quote Lines Edit View Quote Print
QT029,15/10/2025,,ASPIRE DENTAL CLINIC,Draft,"398,000.00",Options quote Lines Edit View Quote Print
QT023,15/10/2025,,MAPETECH ENTERPRISES LIMITED,Draft,"43,750.00",Options quote Lines Edit View Quote Print
QT020,14/10/2025,,CHRISTAMARIANNE MISSION HOSPITAL,Draft,0.00,Options quote Lines Edit View Quote Print
QT019,14/10/2025,,ST.JOHN PAUL II AVI MATERCARE HOSPITAL,Draft,"40,000.00",Options quote Lines Edit View Quote Print
QT016,13/10/2025,,HEALTH REACH DIAGNOSTICS,Draft,"14,000.00",Options quote Lines Edit View Quote Print
QT015,13/10/2025,,KIVULI DISPENSARY,Draft,"2,500.00",Options quote Lines Edit View Quote Print
QT014,13/10/2025,,ASAD MEDICAL CENTRE LTD(CLINIC),Draft,"6,500.00",Options quote Lines Edit View Quote Print
QT012,09/10/2025,,SPECIALISED IMAGING SOLUTIONS,Draft,"650,000.00",Options quote Lines Edit View Quote Print
QT011,09/10/2025,,FREE THE CHILDREN- BARAKA,Draft,0.00,Options quote Lines Edit View Quote Print
QT009,09/10/2025,,FREE THE CHILDREN- BARAKA,Draft,0.00,Options quote Lines Edit View Quote Print
QT007,09/10/2025,,MACMILLAN UNIVERSITY LTD,Draft,0.00,Options quote Lines Edit View Quote Print
QT006,09/10/2025,,,Draft,0.00,Options quote Lines Edit View Quote Print
QT004,08/10/2025,,HAVEN HEALTHCARE,Draft,"563,000.00",Options quote Lines Edit View Quote Print
